time_s,iters,rps,mbps,p50_us,p95_us,p99_us,cpu_pct,rss_mb,errors
5,791674,158329,4947.79,48.65,67.5,80.5,0,582,0
10,1593721,160364,5011.39,48.55,67.5,78.5,405.386,582,0
15,2402312,161701,5053.15,48.15,67.5,77.5,402.424,582,0
20,3213788,162277,5071.16,47.95,67.5,77.5,402.871,582,0
25,4023735,161972,5061.63,47.85,67.5,77.5,400.101,582,0
30,4835089,162254,5070.44,47.75,67.5,77.5,401.107,582,0
35,5645838,162133,5066.66,47.75,67.5,77.5,401.143,582,0
40,6457738,162363,5073.85,47.65,67.5,77.5,400.235,582,0
45,7269077,162251,5070.34,47.65,67.5,77.5,400.067,582,0
50,8081319,162431,5075.96,47.55,67.5,77.5,401.213,582,0
55,8894804,162680,5083.76,47.55,67.5,77.5,401.853,582,0
60,9707417,162505,5078.27,47.55,67.5,77.5,401.716,582,0
65,10519552,162402,5075.05,47.45,67.5,77.5,401.715,582,0
70,11332268,162527,5078.96,47.45,67.5,77.5,401.617,582,0
75,12144841,162499,5078.09,47.45,67.5,77.5,403.343,582,0
80,12957288,162474,5077.32,47.45,67.5,77.5,401.647,582,0
85,13768994,162326,5072.68,47.45,67.5,77.5,400.876,582,0
90,14581370,162458,5076.81,47.45,67.5,77.5,400.909,582,0
95,15394039,162518,5078.68,47.35,67.5,77.5,400.638,582,0
100,16206972,162571,5080.33,47.35,67.5,77.5,401.582,582,0
105,17017469,162083,5065.08,47.35,67.5,77.5,401.276,582,0
110,17830240,162538,5079.3,47.35,67.5,77.5,400.705,582,0
115,18643114,162558,5079.94,47.35,67.5,77.5,400.302,582,0
120,19453232,162007,5062.73,47.35,67.5,77.5,401.748,582,0
125,20264933,162321,5072.53,47.35,67.5,77.5,400.034,582,0
130,21075782,162153,5067.29,47.35,67.5,77.5,400.57,582,0
135,21888588,162546,5079.55,47.35,67.5,77.5,401.008,582,0
140,22701266,162519,5078.7,47.35,67.5,77.5,401.212,582,0
145,23512561,162244,5070.11,47.35,67.5,77.5,402.491,582,0
150,24324903,162451,5076.59,47.35,67.5,77.5,400.134,582,0
155,25137423,162488,5077.76,47.35,67.5,77.5,401.278,582,0
160,25949876,162475,5077.35,47.35,67.5,77.5,400.942,582,0
165,26761750,162357,5073.66,47.35,67.5,77.5,400.538,582,0
170,27574022,162436,5076.14,47.35,67.5,77.5,401.042,582,0
175,28386476,162475,5077.33,47.35,67.5,77.5,400.303,582,0
180,29198305,162349,5073.42,47.35,67.5,77.5,400.269,582,0
185,30009487,162221,5069.39,47.35,67.5,77.5,402.089,582,0
190,30822727,162632,5082.25,47.25,67.5,77.5,399.395,582,0
195,31636037,162645,5082.65,47.25,67.5,77.5,400.773,582,0
200,32448241,162424,5075.75,47.25,67.5,77.5,403.3,582,0
205,33261004,162536,5079.25,47.25,67.5,77.5,400.908,582,0
210,34072638,162310,5072.19,47.25,67.5,77.5,400.638,582,0
215,34885273,162510,5078.45,47.25,67.5,77.5,400.639,582,0
220,35697093,162346,5073.31,47.25,67.5,77.5,401.715,582,0
225,36509299,162425,5075.78,47.25,67.5,77.5,399.966,582,0
230,37321705,162465,5077.04,47.25,67.5,77.5,401.718,582,0
235,38133660,162374,5074.2,47.25,67.5,77.5,402.662,582,0
240,38945220,162294,5071.7,47.25,67.5,77.5,400.336,582,0
245,39756925,162323,5072.59,47.25,67.5,77.5,401.448,582,0
250,40569062,162409,5075.28,47.25,67.5,77.5,401.648,582,0
255,41380890,162350,5073.44,47.25,67.5,77.5,400.571,582,0
260,42193590,162523,5078.84,47.25,67.5,77.5,401.448,582,0
265,43005830,162431,5075.98,47.25,67.5,77.5,400.773,582,0
270,43818598,162539,5079.33,47.25,67.5,77.5,400.671,582,0
275,44630796,162425,5075.77,47.25,67.5,77.5,401.112,582,0
280,45442412,162306,5072.05,47.25,67.5,77.5,402.02,582,0
285,46254338,162369,5074.03,47.25,67.5,77.5,400.671,582,0
290,47065984,162312,5072.27,47.25,67.5,77.5,401.143,582,0
295,47877350,162259,5070.59,47.25,67.5,77.5,402.695,582,0
300,48690127,162540,5079.37,47.25,67.5,77.5,402.021,582,0
305,49503196,162597,5081.16,47.25,67.5,77.5,400.974,582,0
310,50316163,162577,5080.54,47.25,67.5,77.5,401.788,582,0
315,51130161,162783,5086.97,47.25,67.5,77.5,401.885,582,0
320,51942949,162540,5079.39,47.25,67.5,77.5,401.078,582,0
325,52754753,162345,5073.27,47.25,67.5,77.5,400.336,582,0
330,53567190,162468,5077.14,47.25,67.5,77.5,400.504,582,0
335,54379629,162470,5077.19,47.25,67.5,77.5,402.762,582,0
340,55186443,161347,5042.1,47.25,67.5,77.5,401.245,582,0
345,55995466,161789,5055.91,47.25,67.5,77.5,400.571,582,0
350,56802088,161305,5040.78,47.25,67.5,77.5,402.116,582,0
355,57613447,162255,5070.48,47.25,67.5,77.5,402.664,582,0
360,58421065,161507,5047.08,47.25,67.5,77.5,403.474,582,0
365,59231845,162139,5066.86,47.25,67.5,77.5,401.178,582,0
370,60043336,162280,5071.26,47.25,67.5,77.5,401.077,582,0
375,60845591,160435,5013.6,47.25,67.5,77.5,403.063,582,0
380,61651524,161171,5036.58,47.25,67.5,77.5,401.583,582,0
385,62459404,161560,5048.74,47.25,67.5,77.5,401.446,582,0
390,63261626,160426,5013.32,47.35,67.5,77.5,403.597,582,0
395,64060101,159680,4989.99,47.35,67.5,77.5,407.284,582,0
400,64857919,159547,4985.83,47.35,67.5,77.5,405.756,582,0
405,65658055,160010,5000.31,47.35,67.5,77.5,405.557,582,0
410,66454314,159236,4976.14,47.35,67.5,77.5,406.424,582,0
415,67249981,159116,4972.36,47.35,67.5,77.5,406.499,582,0
420,68045781,159142,4973.2,47.45,67.5,77.5,407.482,582,0
425,68843758,159580,4986.86,47.45,67.5,77.5,406.061,582,0
430,69649180,161068,5033.38,47.45,67.5,77.5,404.213,582,0
435,70451839,160515,5016.09,47.45,67.5,77.5,403.492,582,0
440,71255141,160639,5019.98,47.45,67.5,77.5,404.909,582,0
445,72056847,160325,5010.14,47.45,67.5,77.5,405.318,582,0
450,72858906,160393,5012.29,47.45,67.5,77.5,404.946,582,0
455,73657592,159720,4991.24,47.45,67.5,77.5,404.639,582,0
460,74460979,160660,5020.64,47.55,67.5,77.5,403.358,582,0
465,75263306,160449,5014.03,47.55,67.5,77.5,404.685,582,0
470,76063758,160073,5002.3,47.55,67.5,77.5,404.202,582,0
475,76863964,160026,5000.81,47.55,67.5,77.5,405.381,582,0
480,77673719,161934,5060.45,47.55,67.5,77.5,401.175,582,0
485,78476110,160462,5014.43,47.55,67.5,77.5,403.74,582,0
490,79277389,160238,5007.45,47.55,67.5,77.5,404.578,582,0
495,80077460,159998,4999.94,47.55,67.5,77.5,406.574,582,0
500,80874662,159425,4982.02,47.55,67.5,77.5,407.402,582,0
505,81676847,160419,5013.09,47.55,67.5,77.5,403.092,582,0
510,82477859,160185,5005.77,47.55,67.5,77.5,403.097,582,0
515,83284083,161228,5038.37,47.55,67.5,77.5,401.446,582,0
520,84093654,161897,5059.3,47.55,67.5,77.5,400.605,582,0
525,84903060,161865,5058.27,47.55,67.5,77.5,401.313,582,0
530,85703304,160032,5001.01,47.55,67.5,77.5,404.474,582,0
535,86508185,160957,5029.92,47.55,67.5,77.5,404.074,582,0
540,87310182,160383,5011.97,47.65,67.5,77.5,402.99,582,0
545,88111701,160287,5008.97,47.65,67.5,77.5,403.767,582,0
550,88915545,160751,5023.46,47.65,67.5,77.5,403.801,582,0
555,89717455,160366,5011.43,47.65,67.5,77.5,403.463,582,0
560,90516555,159803,4993.85,47.65,67.5,77.5,405.142,582,0
565,91325044,161681,5052.54,47.65,67.5,77.5,400.773,582,0
570,92126822,160340,5010.62,47.65,67.5,77.5,401.613,582,0
575,92930372,160693,5021.67,47.65,67.5,77.5,402.523,582,0
580,93738878,161684,5052.63,47.65,67.5,77.5,400.84,582,0
585,94545956,161400,5043.74,47.65,67.5,77.5,401.477,582,0
590,95352065,161207,5037.73,47.65,67.5,77.5,402.724,582,0
595,96150970,159767,4992.73,47.65,67.5,77.5,405.009,582,0
600,96953481,160485,5015.14,47.65,67.5,77.5,404.88,582,0
605,97754956,160277,5008.67,47.65,67.5,77.5,403.424,582,0
610,98553170,159627,4988.35,47.65,67.5,77.5,404.503,582,0
615,99356432,160637,5019.91,47.65,67.5,77.5,404.07,582,0
620,100155583,159813,4994.15,47.65,67.5,77.5,404.438,582,0
625,100963828,161633,5051.03,47.65,67.5,77.5,401.008,582,0
630,101768311,160881,5027.52,47.65,67.5,77.5,402.493,582,0
635,102575707,161462,5045.69,47.65,67.5,77.5,402.123,582,0
640,103384426,161727,5053.96,47.65,67.5,77.5,401.647,582,0
645,104185479,160195,5006.1,47.65,67.5,77.5,403.166,582,0
650,104991544,161196,5037.38,47.65,67.5,77.5,401.681,582,0
655,105796611,160998,5031.19,47.65,67.5,77.5,403.95,582,0
660,106602950,161252,5039.11,47.65,67.5,77.5,400.839,582,0
665,107413038,162000,5062.5,47.65,67.5,77.5,402.459,582,0
670,108222938,161963,5061.33,47.65,67.5,77.5,401.445,582,0
675,109034184,162234,5069.8,47.65,67.5,77.5,402.833,582,0
680,109844903,162128,5066.5,47.65,67.5,77.5,402.321,582,0
685,110654818,161968,5061.5,47.65,67.5,77.5,401.516,582,0
690,111463860,161793,5056.02,47.65,67.5,77.5,401.514,582,0
695,112273342,161881,5058.77,47.65,67.5,77.5,400.671,582,0
700,113079035,161124,5035.12,47.65,67.5,77.5,401.007,582,0
705,113880802,160336,5010.51,47.65,67.5,77.5,403.799,582,0
710,114681074,160035,5001.11,47.65,67.5,77.5,404.208,582,0
715,115477287,159227,4975.84,47.65,67.5,77.5,405.483,582,0
720,116271311,158788,4962.12,47.65,67.5,77.5,407.844,582,0
725,117066942,159109,4972.16,47.75,67.5,77.5,405.276,582,0
730,117870330,160659,5020.6,47.75,67.5,77.5,404.848,582,0
735,118678893,161696,5052.99,47.75,67.5,77.5,401.075,582,0
740,119476803,159566,4986.44,47.75,67.5,77.5,405.15,582,0
745,120285787,161781,5055.64,47.75,67.5,77.5,400.772,582,0
750,121086547,160134,5004.2,47.75,67.5,77.5,404.603,582,0
755,121888273,160327,5010.22,47.75,67.5,77.5,404.433,582,0
760,122689229,160175,5005.46,47.75,67.5,77.5,404.807,582,0
765,123493025,160742,5023.2,47.75,67.5,77.5,402.393,582,0
770,124297386,160852,5026.63,47.75,67.5,77.5,402.763,582,0
775,125104050,161317,5041.17,47.75,67.5,77.5,401.784,582,0
780,125910686,161309,5040.89,47.75,67.5,77.5,401.141,582,0
785,126720364,161918,5059.94,47.75,67.5,77.5,402.054,582,0
790,127530497,162010,5062.81,47.75,67.5,77.5,401.579,582,0
795,128340447,161974,5061.68,47.75,67.5,77.5,402.864,582,0
800,129151952,162286,5071.43,47.75,67.5,77.5,401.751,582,0
805,129949974,159589,4987.16,47.75,67.5,77.5,402.789,582,0
810,130752977,160585,5018.29,47.75,67.5,77.5,403.499,582,0
815,131553073,160002,5000.07,47.75,67.5,77.5,405.551,582,0
820,132358300,161029,5032.14,47.75,67.5,77.5,402.59,582,0
825,133166966,161718,5053.69,47.75,67.5,77.5,401.919,582,0
830,133976303,161851,5057.85,47.75,67.5,77.5,403.205,582,0
835,134786015,161926,5060.18,47.75,67.5,77.5,400.806,582,0
840,135586544,160089,5002.79,47.75,67.5,77.5,402.119,582,0
845,136393747,161424,5044.51,47.75,67.5,77.5,402.525,582,0
850,137205457,162326,5072.69,47.75,67.5,77.5,402.794,582,0
855,138007224,160336,5010.51,47.75,67.5,77.5,402.859,582,0
860,138809503,160438,5013.69,47.75,67.5,77.5,403.126,582,0
865,139607152,159513,4984.77,47.75,67.5,77.5,406.632,582,0
870,140406587,159871,4995.97,47.75,67.5,77.5,405.444,582,0
875,141217265,162119,5066.22,47.75,67.5,77.5,402.353,582,0
880,142026498,161829,5057.17,47.75,67.5,77.5,400.807,582,0
885,142834083,161502,5046.93,47.75,67.5,77.5,401.784,582,0
890,143643559,161879,5058.71,47.75,67.5,77.5,401.482,582,0
895,144449173,161106,5034.57,47.75,67.5,77.5,401.578,582,0
900,145259581,162065,5064.52,47.75,67.5,77.5,400.202,582,0
905,146067725,161611,5050.34,47.75,67.5,77.5,401.077,582,0
910,146877161,161871,5058.47,47.75,67.5,77.5,401.785,582,0
915,147679589,160469,5014.64,47.75,67.5,77.5,402.085,582,0
920,148482156,160497,5015.52,47.75,67.5,77.5,402.256,582,0
925,149292919,162138,5066.81,47.75,67.5,77.5,400.606,582,0
930,150101460,161692,5052.87,47.75,67.5,77.5,399.664,582,0
935,150906351,160961,5030.04,47.75,67.5,77.5,402.223,582,0
940,151710222,160758,5023.69,47.75,67.5,77.5,403.132,582,0
945,152521115,162162,5067.55,47.75,67.5,77.5,403.404,582,0
950,153331832,162127,5066.45,47.75,67.5,77.5,401.479,582,0
955,154136964,161010,5031.57,47.75,67.5,77.5,402.152,582,0
960,154942591,161108,5034.61,47.75,67.5,77.5,402.728,582,0
965,155748516,161168,5036.49,47.75,67.5,77.5,401.446,582,0
970,156554232,161127,5035.22,47.75,67.5,77.5,402.422,582,0
975,157363624,161860,5058.13,47.75,67.5,77.5,401.614,582,0
980,158172169,161692,5052.86,47.75,67.5,77.5,402.32,582,0
985,158981596,161870,5058.45,47.75,67.5,77.5,401.615,582,0
990,159794142,162492,5077.87,47.75,67.5,77.5,400.302,582,0
995,160607294,162613,5081.64,47.75,67.5,77.5,400.64,582,0
1000,161418656,162256,5070.51,47.75,67.5,77.5,401.108,582,0
1005,162223680,160988,5030.88,47.75,67.5,77.5,401.577,582,0
1010,163031630,161574,5049.19,47.75,67.5,77.5,400.977,582,0
1015,163835481,160754,5023.55,47.75,67.5,77.5,402.962,582,0
1020,164639978,160881,5027.54,47.75,67.5,77.5,401.98,582,0
1025,165436974,159383,4980.73,47.75,67.5,77.5,404.308,582,0
1030,166228434,158274,4946.06,47.75,67.5,77.5,404.162,582,0
1035,167029336,160165,5005.16,47.75,67.5,77.5,403.402,582,0
1040,167831843,160485,5015.17,47.75,67.5,77.5,403.365,582,0
1045,168630163,159649,4989.02,47.75,67.5,77.5,404.34,582,0
1050,169428246,159601,4987.55,47.75,67.5,77.5,407.204,582,0
1055,170228932,160121,5003.79,47.75,67.5,77.5,404.676,582,0
1060,171036383,161474,5046.08,47.75,67.5,77.5,401.309,582,0
1065,171839681,160643,5020.09,47.75,67.5,77.5,401.475,582,0
1070,172640414,160128,5004.02,47.75,67.5,77.5,404.556,582,0
1075,173446932,161289,5040.29,47.75,67.5,77.5,400.907,582,0
1080,174253647,161325,5041.42,47.75,67.5,77.5,402.222,582,0
1085,175062580,161771,5055.33,47.75,67.5,77.5,399.798,582,0
1090,175870087,161484,5046.38,47.75,67.5,77.5,401.175,582,0
1095,176674676,160901,5028.15,47.75,67.5,77.5,403.232,582,0
1100,177480407,161132,5035.37,47.75,67.5,77.5,401.748,582,0
1105,178286052,161113,5034.77,47.75,67.5,77.5,402.12,582,0
1110,179084021,159579,4986.85,47.75,67.5,77.5,402.995,582,0
1115,179867821,156745,4898.3,47.75,67.5,77.5,406.766,582,0
1120,180669029,160225,5007.03,47.75,67.5,77.5,403.329,582,0
1125,181476283,161435,5044.85,47.75,67.5,77.5,401.949,582,0
1130,182284220,161570,5049.07,47.75,67.5,77.5,400.874,582,0
1135,183093192,161777,5055.53,47.75,67.5,77.5,401.682,582,0
1140,183902076,161760,5055,47.75,67.5,77.5,400.705,582,0
1145,184711771,161921,5060.04,47.75,67.5,77.5,400.707,582,0
1150,185521958,162020,5063.13,47.75,67.5,77.5,401.111,582,0
1155,186331249,161841,5057.53,47.75,67.5,77.5,401.143,582,0
1160,187140806,161895,5059.23,47.75,67.5,77.5,400.572,582,0
1165,187942637,160349,5010.9,47.75,67.5,77.5,403.163,582,0
1170,188749932,161442,5045.07,47.75,67.5,77.5,401.713,582,0
1175,189551987,160393,5012.27,47.75,67.5,77.5,402.282,582,0
1180,190357907,161167,5036.48,47.75,67.5,77.5,401.95,582,0
1185,191163969,161196,5037.37,47.75,67.5,77.5,402.93,582,0
1190,191971504,161493,5046.65,47.75,67.5,77.5,401.78,582,0
1195,192779433,161558,5048.69,47.75,67.5,77.5,400.47,582,0
1200,193583285,160754,5023.57,47.75,67.5,77.5,401.782,582,0
1205,194391002,161528,5047.75,47.75,67.5,77.5,399.866,582,0
1210,195199955,161773,5055.4,47.75,67.5,77.5,399.698,582,0
1215,196007599,161512,5047.25,47.75,67.5,77.5,400.672,582,0
1220,196817983,162061,5064.4,47.75,67.5,77.5,400.403,582,0
1225,197627131,161813,5056.64,47.75,67.5,77.5,400.57,582,0
1230,198436917,161940,5060.62,47.75,67.5,77.5,399.16,582,0
1235,199244390,161479,5046.21,47.75,67.5,77.5,401.78,582,0
1240,200039383,158981,4968.15,47.75,67.5,77.5,405.611,582,0
1245,200837998,159706,4990.83,47.75,67.5,77.5,405.318,582,0
1250,201637588,159902,4996.93,47.75,67.5,77.5,403.797,582,0
1255,202436350,159734,4991.68,47.75,67.5,77.5,404.438,582,0
1260,203233097,159329,4979.04,47.75,67.5,77.5,407.341,582,0
1265,204028819,159130,4972.8,47.75,67.5,77.5,405.847,582,0
1270,204826391,159497,4984.29,47.75,67.5,77.5,405.409,582,0
1275,205630589,160824,5025.74,47.75,67.5,77.5,404.047,582,0
1280,206431043,160075,5002.33,47.75,67.5,77.5,403.397,582,0
1285,207238044,161383,5043.22,47.75,67.5,77.5,400,582,0
1290,208042375,160849,5026.54,47.75,67.5,77.5,403.336,582,0
1295,208846786,160865,5027.02,47.75,67.5,77.5,402.727,582,0
1300,209643778,159382,4980.69,47.75,67.5,77.5,403.218,582,0
1305,210442471,159722,4991.31,47.75,67.5,77.5,404.036,582,0
1310,211239868,159464,4983.24,47.75,67.5,77.5,403.063,582,0
1315,212037658,159542,4985.69,47.75,67.5,77.5,402.796,582,0
1320,212838876,160228,5007.12,47.75,67.5,77.5,401.948,582,0
1325,213642035,160615,5019.23,47.75,67.5,77.5,402.119,582,0
1330,214444980,160571,5017.83,47.75,67.5,77.5,402.017,582,0
1335,215251438,161275,5039.85,47.75,67.5,77.5,403.164,582,0
1340,216053279,160351,5010.96,47.75,67.5,77.5,403.676,582,0
1345,216848926,159111,4972.23,47.75,67.5,77.5,405.053,582,0
1350,217651556,160509,5015.92,47.75,67.5,77.5,403.197,582,0
1355,218456098,160891,5027.86,47.75,67.5,77.5,403.782,582,0
1360,219263292,161422,5044.43,47.75,67.5,77.5,401.411,582,0
1365,220068546,161035,5032.33,47.75,67.5,77.5,402.188,582,0
1370,220873893,161052,5032.89,47.75,67.5,77.5,402.32,582,0
1375,221677195,160642,5020.08,47.75,67.5,77.5,401.746,582,0
1380,222473959,159336,4979.25,47.75,67.5,77.5,407.84,582,0
1385,223269427,159077,4971.15,47.75,67.5,77.5,408.485,582,0
1390,224069263,159949,4998.42,47.75,67.5,77.5,404.465,582,0
1395,224876575,161442,5045.07,47.75,67.5,77.5,402.253,582,0
1400,225687564,162180,5068.13,47.75,67.5,77.5,402.895,582,0
1405,226496966,161865,5058.27,47.75,67.5,77.5,403.331,582,0
1410,227306034,161799,5056.23,47.75,67.5,77.5,402.286,582,0
1415,228116154,162007,5062.72,47.75,67.5,77.5,399.933,582,0
1420,228923919,161536,5048,47.75,67.5,77.5,404.047,582,0
1425,229722876,159775,4992.98,47.75,67.5,77.5,404.856,582,0
1430,230516956,158801,4962.52,47.75,67.5,77.5,404.574,582,0
1435,231315928,159777,4993.04,47.75,67.5,77.5,405.958,582,0
1440,232115516,159901,4996.9,47.75,67.5,77.5,405.449,582,0
1445,232911992,159280,4977.49,47.75,67.5,77.5,406.67,582,0
1450,233705276,158641,4957.52,47.75,67.5,77.5,406.421,582,0
1455,234501110,159152,4973.49,47.75,67.5,77.5,405.844,582,0
1460,235305297,160823,5025.71,47.75,67.5,77.5,403.095,582,0
1465,236114007,161726,5053.94,47.75,67.5,77.5,402.624,582,0
1470,236922963,161774,5055.43,47.75,67.5,77.5,398.622,582,0
1475,237729950,161380,5043.14,47.75,67.5,77.5,400.673,582,0
1480,238536650,161325,5041.41,47.75,67.5,77.5,402.155,582,0
1485,239343018,161257,5039.27,47.75,67.5,77.5,402.865,582,0
1490,240149784,161335,5041.71,47.75,67.5,77.5,401.884,582,0
1495,240959305,161887,5058.96,47.75,67.5,77.5,401.647,582,0
1500,241763500,160822,5025.68,47.75,67.5,77.5,404.247,582,0
1505,242561551,159593,4987.29,47.75,67.5,77.5,404.136,582,0
1510,243358931,159459,4983.08,47.75,67.5,77.5,405.816,582,0
1515,244158647,159926,4997.69,47.75,67.5,77.5,403.554,582,0
1520,244955323,159319,4978.71,47.75,67.5,77.5,405.58,582,0
1525,245752147,159349,4979.64,47.75,67.5,77.5,404.673,582,0
1530,246548944,159342,4979.44,47.75,67.5,77.5,404.912,582,0
1535,247354692,161134,5035.44,47.75,67.5,77.5,401.782,582,0
1540,248164528,161950,5060.94,47.75,67.5,77.5,400.168,582,0
1545,248973759,161830,5057.18,47.75,67.5,77.5,400.437,582,0
1550,249780825,161397,5043.66,47.75,67.5,77.5,402.523,582,0
1555,250590537,161927,5060.21,47.75,67.5,77.5,402.355,582,0
1560,251399665,161809,5056.54,47.75,67.5,77.5,401.617,582,0
1565,252207255,161502,5046.92,47.75,67.5,77.5,401.513,582,0
1570,253010635,160658,5020.57,47.75,67.5,77.5,403.595,582,0
1575,253807075,159272,4977.24,47.75,67.5,77.5,405.986,582,0
1580,254604647,159496,4984.25,47.75,67.5,77.5,406.336,582,0
1585,255400040,159059,4970.61,47.75,67.5,77.5,407.574,582,0
1590,256195271,159029,4969.66,47.75,67.5,77.5,406.746,582,0
1595,256989881,158905,4965.78,47.75,67.5,77.5,407.437,582,0
1600,257785818,159171,4974.09,47.75,67.5,77.5,405.713,582,0
1605,258593048,161428,5044.63,47.75,67.5,77.5,401.516,582,0
1610,259401803,161734,5054.19,47.75,67.5,77.5,399.764,582,0
1615,260211379,161899,5059.35,47.75,67.5,77.5,399.429,582,0
1620,261020531,161814,5056.69,47.75,67.5,77.5,401.955,582,0
1625,261832246,162325,5072.67,47.75,67.5,77.5,400.84,582,0
1630,262640764,161688,5052.74,47.75,67.5,77.5,402.254,582,0
1635,263449415,161714,5053.57,47.75,67.5,77.5,403.058,582,0
1640,264256039,161308,5040.89,47.75,67.5,77.5,402.659,582,0
1645,265062808,161337,5041.78,47.75,67.5,77.5,402.423,582,0
1650,265867140,160850,5026.57,47.75,67.5,77.5,402.113,582,0
1655,266666648,159885,4996.4,47.75,67.5,77.5,404.542,582,0
1660,267464950,159644,4988.89,47.75,67.5,77.5,405.378,582,0
1665,268261528,159300,4978.11,47.75,67.5,77.5,407.341,582,0
1670,269060016,159682,4990.05,47.75,67.5,77.5,405.111,582,0
1675,269859074,159797,4993.65,47.75,67.5,77.5,405.722,582,0
1680,270655219,159212,4975.38,47.75,67.5,77.5,405.472,582,0
1685,271455196,159980,4999.39,47.75,67.5,77.5,404.975,582,0
1690,272265554,162055,5064.22,47.75,67.5,77.5,400.942,582,0
1695,273076129,162100,5065.61,47.75,67.5,77.5,400.605,582,0
1700,273886800,162119,5066.22,47.75,67.5,77.5,400.504,582,0
1705,274696554,161934,5060.43,47.75,67.5,77.5,400.942,582,0
1710,275505578,161789,5055.9,47.75,67.5,77.5,401.682,582,0
1715,276315142,161896,5059.25,47.75,67.5,77.5,402.084,582,0
1720,277126997,162353,5073.55,47.75,67.5,77.5,402.053,582,0
1725,277937211,162026,5063.32,47.75,67.5,77.5,401.783,582,0
1730,278746929,161928,5060.26,47.75,67.5,77.5,400.235,582,0
1735,279555219,161642,5051.33,47.75,67.5,77.5,402.256,582,0
1740,280363806,161701,5053.16,47.75,67.5,77.5,402.694,582,0
1745,281169172,161058,5033.06,47.75,67.5,77.5,402.323,582,0
1750,281977139,161577,5049.28,47.75,67.5,77.5,402.628,582,0
1755,282777750,160106,5003.33,47.75,67.5,77.5,403.765,582,0
1760,283573700,159173,4974.15,47.75,67.5,77.5,405.577,582,0
1765,284371786,159601,4987.54,47.75,67.5,77.5,406.194,582,0
1770,285179795,161586,5049.56,47.75,67.5,77.5,403.402,582,0
1775,285988315,161687,5052.71,47.75,67.5,77.5,401.379,582,0
1780,286796746,161671,5052.21,47.75,67.5,77.5,401.716,582,0
1785,287606910,162016,5063.02,47.75,67.5,77.5,400.974,582,0
1790,288415436,161688,5052.75,47.75,67.5,77.5,401.851,582,0
1795,289225648,162024,5063.25,47.75,67.5,77.5,399.933,582,0
1800,289996064,154069,4814.66,47.75,67.5,77.5,389.118,582,0
